"","gene","sign_pVal.logFC","X.Replicon.Name","Replicon.Accession","Start","Stop","Strand","GeneID","Locus","Protein.product","Length","COG.s.","Protein.name","class","subclass","LocateP.Subcellular.Localization.Prediction"
"50","lp_0262",-6.41172275068968,"chr","NC_004567.2",235306,236025,"+",1061190,"treR","YP_004888304.1",239,"-","trehalose operon transcriptional repressor,GntR family","Regulatory functions","GntR-family regulators","@Intracellular"
"204","lp_2100",-5.30502266807642,"chr","NC_004567.2",1894853,1895821,"-",1062269,"cps4I","YP_004889850.1",322,"-","glycosyltransferase, family 2 (GT2)","Cell envelope","Surface polysaccharides, lipopolysaccharides and antigens","@Intracellular"
"206","lp_2104",-5.26230204946539,"chr","NC_004567.2",1899212,1899877,"-",1063981,"cps4E","YP_004889854.1",221,"-","polysaccharide biosynthesis polyprenyl glycosylphosphotransferase, priming glycosyltransferase","Cell envelope","Surface polysaccharides, lipopolysaccharides and antigens","@N-terminally anchored (No CS)"
"205","lp_2102",-5.07257445670039,"chr","NC_004567.2",1897077,1898105,"-",1064038,"cps4G","YP_004889852.1",342,"-","glycosyltransferase, family 1 (GT1)","Cell envelope","Surface polysaccharides, lipopolysaccharides and antigens","@Intracellular"
"51","lp_0263",-4.93740220340416,"chr","NC_004567.2",236050,237693,"+",1061188,"treA","YP_004888305.1",547,"-","trehalose-6-phosphate hydrolase","Central intermediary metabolism","Biosynthesis and degradation of polysaccharides","@Intracellular"
"84","lp_0576",-4.8078522913859,"chr","NC_004567.2",534155,534961,"+",1061530,"pts9C","YP_004888575.1",268,"-","PTS system, mannose-specific EIIC component","Transport and binding proteins","PTS systems","@Multi-transmembrane(Lipid modified N-termini)"
"68","lp_0423",-4.75705109082461,"chr","NC_004567.2",376436,378586,"+",1061291,"plnG","YP_004888443.1",716,"-","bacteriocin ABC-transporter, ATP-binding and permease protein PlnG","Transport and binding proteins","Amino acids, peptides and amines","@Multi-transmembrane"
"83","lp_0575",-4.68734099890782,"chr","NC_004567.2",533143,534117,"+",1061523,"pts9AB","YP_004888574.1",324,"-","PTS system, mannose-specific EIIAB component","Transport and binding proteins","PTS systems","@Intracellular"
"203","lp_2099",-4.63277827883547,"chr","NC_004567.2",1893322,1894773,"-",1061518,"cps4J","YP_004889849.1",483,"-","polysaccharide repeat unit transporter (flippase)","Cell envelope","Surface polysaccharides, lipopolysaccharides and antigens","@Multi-transmembrane"
"64","lp_0349",-4.29088009140308,"chr","NC_004567.2",318549,319865,"-",1062189,"amtB","YP_004888382.1",438,"-","ammonium transport protein","Transport and binding proteins","Cations","@Multi-transmembrane"
"207","lp_2106",-4.28526564164472,"chr","NC_004567.2",1900821,1901615,"-",1063900,"cps4C","YP_004889856.1",264,"-","polysaccharide biosynthesis protein; phosphatase","Cell envelope","Surface polysaccharides, lipopolysaccharides and antigens","@Intracellular"
"62","lp_0329",-3.48536545358101,"chr","NC_004567.2",300197,301564,"-",1062166,"acdH","YP_004888365.1",455,"-","acetaldehyde dehydrogenase","Energy metabolism","Fermentation","@Intracellular"
"36","lp_0210",-3.37396814178711,"chr","NC_004567.2",193763,194950,"+",1061418,"ack1","YP_004888262.1",395,"-","acetate kinase","Energy metabolism","Fermentation","@Intracellular"
"208","lp_2107",-3.24011598180432,"chr","NC_004567.2",1901581,1902288,"-",1064041,"cps4B","YP_004889857.1",235,"-","polysaccharide biosynthesis protein","Cell envelope","Surface polysaccharides, lipopolysaccharides and antigens","@Intracellular"
"209","lp_2108",-2.86049591924994,"chr","NC_004567.2",1902306,1903064,"-",1061509,"cps4A","YP_004889858.1",252,"-","polysaccharide biosynthesis protein, chain length regulator","Cell envelope","Surface polysaccharides, lipopolysaccharides and antigens","@Multi-transmembrane"
"94","lp_0802",-2.56372696553246,"chr","NC_004567.2",743456,744892,"+",1063874,"-","YP_004888775.1",478,"-","polar amino acid ABC transporter, substrate binding and permease protein","Transport and binding proteins","Amino acids, peptides and amines","@Multi-transmembrane"
"95","lp_0803",-2.5446327880269,"chr","NC_004567.2",744895,745629,"+",1063875,"glnQ1","YP_004888776.1",244,"-","glutamine ABC transporter ATP-binding protein","Transport and binding proteins","Amino acids, peptides and amines","@Intracellular"
"14","lp_0106",-2.51348505457222,"chr","NC_004567.2",95063,95854,"+",1061367,"larC1","YP_004888176.1",263,"-","lactate racemization operon protein LarC,N-terminal domain","Cell envelope","Murein sacculus and peptidoglycan",""
"304","lp_3248",-2.39729761155478,"chr","NC_004567.2",2894285,2894641,"-",1061490,"-","YP_004890779.1",118,"-","bacteriocin immunity protein","Cellular processes","Cell killing and immunity","@Intracellular"
"266","lp_2830",-2.32307212138468,"chr","NC_004567.2",2523816,2525216,"-",1063194,"ansB","YP_004890441.1",466,"-","aspartate ammonia-lyase","Amino acid biosynthesis","Glutamate family","@Intracellular"
"15","lp_0107",-2.3129043334116,"chr","NC_004567.2",95893,96324,"+",1061364,"larC2","YP_004888177.1",143,"-","lactate racemization operon protein LarC,C-terminal domain","Cell envelope","Murein sacculus and peptidoglycan",""
"283","lp_3073",-2.25424168557968,"chr","NC_004567.2",2734633,2735241,"-",1063576,"-","YP_004890634.1",202,"-","cell surface protein, CscB family","Cell envelope","Cell surface proteins: other","@N-terminally anchored (with CS)"
"12","lp_0104",-2.23815355035196,"chr","NC_004567.2",93016,94290,"+",1061369,"larA","YP_004888174.1",424,"-","lactate racemization operon protein LarA","Cell envelope","Murein sacculus and peptidoglycan","@Intracellular"
"37","lp_0213",-2.1426742258793,"chr","NC_004567.2",195399,195749,"-",1061416,"-","YP_004888263.1",116,"-","chromosome condensation protein","Cellular processes","Other","@Multi-transmembrane"
"233","lp_2638",-2.11694803369942,"chr","NC_004567.2",2348602,2349108,"+",1062874,"-","YP_004890288.1",168,"-","membrane protein","Hypothetical proteins","Conserved: other","@Multi-transmembrane"
"272","lp_2974",-2.07355953655944,"chr","NC_004567.2",2647097,2648062,"-",1063439,"-","YP_004890550.1",321,"-","ABC transporter substrate-binding protein","Transport and binding proteins","Unknown substrate","@Lipid anchored"
"225","lp_2509",-2.04457469234859,"chr","NC_004567.2",2242165,2243103,"+",1062680,"-","YP_004890191.1",312,"-","drug/metabolite transport protein, EamA family","Transport and binding proteins","Drug/metabolite (DMT superfamily)","@Multi-transmembrane"
"251","lp_2739",-1.99098589937932,"chr","NC_004567.2",2437911,2438669,"+",1063051,"-","YP_004890366.1",252,"-","ABC transporter ATP-binding protein","Transport and binding proteins","Unknown substrate","@Intracellular"
"282","lp_3072",-1.97363454061527,"chr","NC_004567.2",2733517,2734560,"-",1063607,"-","YP_004890633.1",347,"-","cell surface protein precursor","Cell envelope","Cell surface proteins: other","@LPxTG Cell-wall anchored"
"46","lp_0239",-1.94757586827008,"chr","NC_004567.2",216517,217071,"+",1061387,"-","YP_004888284.1",184,"-","hypothetical protein lp_0239","Hypothetical proteins","Conserved: other","@Intracellular"
"13","lp_0105",-1.92528121695959,"chr","NC_004567.2",94292,95032,"+",1061366,"larB","YP_004888175.1",246,"-","lactate racemization operon protein LarB","Cell envelope","Murein sacculus and peptidoglycan","@Intracellular"
"38","lp_0214",-1.8948842380317,"chr","NC_004567.2",195749,196132,"-",1061414,"-","YP_004888264.1",127,"-","chromosome condensation protein","Cellular processes","Other","@Multi-transmembrane"
"278","lp_3015",-1.89296199039965,"chr","NC_004567.2",2683134,2683796,"+",1063516,"-","YP_004890586.1",220,"-","extracellular transglycosylase, with LysM peptidoglycan binding domain","Cell envelope","Cell surface proteins: peptidoglycan-bound","@Secretory(released) (with CS)"
"85","lp_0600",-1.84732224684658,"chr","NC_004567.2",571808,572500,"+",1061566,"zmp2","YP_004888596.1",230,"-","extracellular zinc metalloproteinase, M10 family","Cell envelope","Cell surface proteins: other","@N-terminally anchored (No CS)"
"101","lp_0838",-1.83557674012149,"chr","NC_004567.2",776388,776900,"-",1061866,"-","YP_004888807.1",170,"-","membrane protein","Hypothetical proteins","Conserved: other","@Multi-transmembrane"
"273","lp_2976",-1.73326643120985,"chr","NC_004567.2",2650009,2650386,"-",1063437,"-","YP_004890552.1",125,"-","cell surface protein precursor, CscD family,LPXTG-motif cell wall anchor","Cell envelope","Cell surface proteins: LPxTG anchor","@LPxTG Cell-wall anchored"
"16","lp_0108",-1.71104491692908,"chr","NC_004567.2",96329,97045,"+",1061363,"glpF1","YP_004888178.1",238,"-","glycerol uptake facilitator protein","Transport and binding proteins","Carbohydrates, organic alcohols and acids","@Multi-transmembrane"
"129","lp_1239",-1.70746700894218,"chr","NC_004567.2",1126010,1126768,"+",1063022,"-","YP_004889135.1",252,"-","hypothetical protein lp_1239","Hypothetical proteins","Conserved: other","@Intracellular"
"79","lp_0520",-1.69735818437,"chr","NC_004567.2",465293,466879,"+",1061824,"rhe1","YP_004888525.1",528,"-","ATP-dependent RNA helicase","Transcription","RNA processing","@Intracellular"
"128","lp_1175",-1.67364671950662,"chr","NC_004567.2",1072312,1073028,"+",1063169,"glpF4","YP_004889076.1",238,"-","glycerol uptake facilitator protein","Transport and binding proteins","Carbohydrates, organic alcohols and acids","@Multi-transmembrane"
"100","lp_0835",-1.66213977078977,"chr","NC_004567.2",774111,774893,"+",1064026,"-","YP_004888804.1",260,"-","hypothetical protein lp_0835","Hypothetical proteins","Not conserved: other","@Multi-transmembrane"
"59","lp_0325",-1.62262490534042,"chr","NC_004567.2",297819,298172,"+",1062164,"-","YP_004888362.1",117,"-","acetoin transport repressor, GntR family","Regulatory functions","GntR-family regulators","@Intracellular"
"49","lp_0259",-1.60121687641925,"chr","NC_004567.2",233445,234233,"+",1061197,"pnuC1","YP_004888301.1",262,"-","nicotinamide mononucleotide transporter","Transport and binding proteins","Other","@Multi-transmembrane"
"57","lp_0311",-1.59227141752589,"chr","NC_004567.2",287809,288252,"-",1062139,"-","YP_004888349.1",147,"-","GNAT family acetyltransferase","Hypothetical proteins","Conserved: putative function","@Intracellular"
"270","lp_2885",-1.58350416391958,"chr","NC_004567.2",2565416,2565955,"-",1063282,"-","YP_004890485.1",179,"-","membrane protein","Hypothetical proteins","Not conserved: membrane proteins","@Multi-transmembrane"
"137","lp_1292",-1.55516062698755,"chr","NC_004567.2",1179669,1180187,"-",1062779,"-","YP_004889175.1",172,"-","GNAT family acetyltransferase","Hypothetical proteins","Conserved: putative function","@Intracellular"
"247","lp_2710",-1.54579261768138,"chr","NC_004567.2",2410634,2411974,"+",1062988,"-","YP_004890341.1",446,"-","xanthine permease","Transport and binding proteins","Nucleosides, purines and pyrimidines","@Multi-transmembrane"
"223","lp_2396",-1.51370587840662,"chr","NC_004567.2",2161115,2161507,"-",1062443,"-","YP_004890090.1",130,"-","extracellular protein","Cell envelope","Cell surface proteins: membrane bound","@N-terminally anchored (No CS)"
"17","lp_0109",-1.4992996061851,"chr","NC_004567.2",97070,97900,"+",1061362,"larE","YP_004888179.1",276,"-","lactate racemization operon protein LarE","Cell envelope","Murein sacculus and peptidoglycan","@Intracellular"
"86","lp_0733",-1.49024165021894,"chr","NC_004567.2",670691,671593,"+",1063421,"pstF","YP_004888715.1",300,"-","phosphate ABC transporter substrate-binding protein","Transport and binding proteins","Anions","@Lipid anchored"
"117","lp_0984",-1.45658856090121,"chr","NC_004567.2",913141,913359,"+",1063651,"-","YP_004888927.1",72,"-","hypothetical protein lp_0984","Hypothetical proteins","Conserved: other","@Intracellular"
"322","lp_3415",-1.44955199554381,"chr","NC_004567.2",3030482,3031219,"+",1063759,"-","YP_004890910.1",245,"-","AraC family transcriptional regulator","Regulatory functions","Other","@Intracellular"
"218","lp_2248",-1.44818473224292,"chr","NC_004567.2",2033842,2034891,"-",1062124,"-","YP_004889973.1",349,"-","bacterial type II secretion/trafficking system protein F","Cellular processes","DNA Transformation and competence","@Multi-transmembrane"
"256","lp_2776",-1.44496331955619,"chr","NC_004567.2",2467214,2468524,"-",1063115,"dsdA","YP_004890398.1",436,"-","D-serine dehydratase","Energy metabolism","Amino acids and amines","@Intracellular"
"219","lp_2341",-1.43982457224436,"chr","NC_004567.2",2116268,2117398,"-",1062351,"bla2","YP_004890048.1",376,"-","beta-lactamase, class A","Cell envelope","Cell surface proteins: other","@N-terminally anchored (No CS)"
"217","lp_2240",-1.43723090508846,"chr","NC_004567.2",2028235,2029620,"-",1061525,"-","YP_004889967.1",461,"-","amino acid transport protein","Transport and binding proteins","Amino acids, peptides and amines","@Multi-transmembrane"
"358","lp_3677",-1.43017007215581,"chr","NC_004567.2",3295024,3295365,"-",1061582,"-","YP_004891141.1",113,"-","cell surface protein precursor, CscD family,LPXTG-motif cell wall anchor","Cell envelope","Cell surface proteins: LPxTG anchor","@LPxTG Cell-wall anchored"
"192","lp_1908",-1.42646206510294,"chr","NC_004567.2",1725553,1726758,"+",1062047,"-","YP_004889684.1",401,"-","membrane protein","Hypothetical proteins","Conserved: membrane proteins","@Multi-transmembrane"
"55","lp_0298",-1.40313503545839,"chr","NC_004567.2",274259,275737,"+",1061143,"-","YP_004888337.1",492,"-","ABC transporter permease","Transport and binding proteins","Unknown substrate","@Multi-transmembrane"
"98","lp_0822",-1.39103692146913,"chr","NC_004567.2",761632,763449,"+",1063937,"glmS1","YP_004888793.1",605,"-","glutamine-fructose-6-phosphate transaminase","Central intermediary metabolism","Amino sugars","@Intracellular"
"144","lp_1435",-1.38953185624032,"chr","NC_004567.2",1312973,1315522,"-",1062430,"-","YP_004889282.1",849,"-","membrane protein","Hypothetical proteins","Conserved: membrane proteins","@Intracellular"
"284","lp_3075",-1.38525025283382,"chr","NC_004567.2",2735786,2738533,"-",1063580,"-","YP_004890636.1",915,"-","cell surface protein, CscC family","Cell envelope","Cell surface proteins: other","@Intracellular"
"289","lp_3134",-1.37390205279239,"chr","NC_004567.2",2803412,2803783,"+",1063873,"-","YP_004890688.1",123,"-","extracellular protein","Cell envelope","Cell surface proteins: membrane bound","@N-terminally anchored (No CS)"
"224","lp_2503",-1.34757554357888,"chr","NC_004567.2",2235156,2236013,"-",1062677,"-","YP_004890185.1",285,"-","sugar transport protein","Transport and binding proteins","Carbohydrates, organic alcohols and acids","@Multi-transmembrane"
"274","lp_2988",-1.33357059151034,"chr","NC_004567.2",2659090,2659890,"-",1063460,"zmp3","YP_004890563.1",266,"-","extracellular zinc metalloproteinase, M10 family","Cell envelope","Cell surface proteins: other","@Intracellular"
"345","lp_3513",-1.33282343778488,"chr","NC_004567.2",3127068,3128942,"-",1062724,"pts30BCA","YP_004890994.1",624,"-","PTS system, beta-glucosides-specific EIIBCA component","Transport and binding proteins","PTS systems","@Multi-transmembrane"
"121","lp_1010",-1.31456050699806,"chr","NC_004567.2",931038,931811,"+",1063548,"dacB","YP_004888945.1",257,"-","serine-type D-Ala-D-Ala carboxypeptidase","Cell envelope","Murein sacculus and peptidoglycan","@Lipid anchored"
"143","lp_1424",-1.31338435153886,"chr","NC_004567.2",1304255,1304869,"+",1062455,"-","YP_004889275.1",204,"-","NADPH-dependent FMN reductase family protein","Hypothetical proteins","Conserved: putative function","@Intracellular"
"307","lp_3255",-1.31261852186719,"chr","NC_004567.2",2897816,2898544,"-",1062544,"lrgB","YP_004890784.1",242,"-","murein hydrolase regulator","Cell envelope","Murein sacculus and peptidoglycan","@Multi-transmembrane"
"292","lp_3175",-1.30038921278768,"chr","NC_004567.2",2833631,2834545,"-",1064034,"-","YP_004890720.1",304,"-","membrane protein","Hypothetical proteins","Conserved: membrane proteins","@Multi-transmembrane"
"360","lp_3679",-1.29837524508169,"chr","NC_004567.2",3296593,3297330,"-",1061579,"-","YP_004891143.1",245,"-","cell surface protein precursor, CscB family","Cell envelope","Cell surface proteins: other","@Secretory(released) (with CS)"
"10","lp_0102",-1.29501683360366,"chr","NC_004567.2",91097,92083,"-",1061372,"cbiM","YP_004888172.1",328,"-","cobalt ABC transporter, substrate-binding protein","Transport and binding proteins","Cations","@Multi-transmembrane"
"315","lp_3324",-1.2873013219225,"chr","NC_004567.2",2958086,2959753,"-",1063983,"-","YP_004890835.1",555,"-","glycine betaine/carnitine/choline transport protein","Transport and binding proteins","Amino acids, peptides and amines","@Multi-transmembrane"
"306","lp_3254",-1.28426701934658,"chr","NC_004567.2",2897377,2897796,"-",1061807,"lrgA","YP_004890783.1",139,"-","murein hydrolase export protein","Cell envelope","Murein sacculus and peptidoglycan","@Multi-transmembrane"
"60","lp_0326",-1.28088010857928,"chr","NC_004567.2",298172,299065,"+",1062163,"-","YP_004888363.1",297,"-","acetoin ABC transporter, ATP-binding protein","Transport and binding proteins","Carbohydrates, organic alcohols and acids","@Intracellular"
"141","lp_1386",-1.2788029976507,"chr","NC_004567.2",1269815,1271206,"+",1062548,"-","YP_004889245.1",463,"-","Na+ driven multidrug efflux protein, MATE family","Transport and binding proteins","Cations","@Multi-transmembrane"
"93","lp_0783",-1.26107489378142,"chr","NC_004567.2",717766,719418,"+",1063777,"-","YP_004888758.1",550,"-","oligopeptide ABC transporter substrate binding protein","Transport and binding proteins","Amino acids, peptides and amines","@Lipid anchored"
"310","lp_3301",-1.25967831331722,"chr","NC_004567.2",2935717,2936250,"-",1062592,"-","YP_004890820.1",177,"-","bacteriocin transport protein","Hypothetical proteins","Conserved: membrane proteins","@Multi-transmembrane"
"317","lp_3356",-1.25388886357414,"chr","NC_004567.2",2983935,2984393,"+",1063908,"-","YP_004890860.1",152,"-","GNAT family acetyltransferase","Hypothetical proteins","Conserved: other","@Intracellular"
"9","lp_0101",-1.24589266844818,"chr","NC_004567.2",90301,91122,"-",1061370,"-","YP_004888171.1",273,"-","cobalt ABC transporter permease","Transport and binding proteins","Cations","@Multi-transmembrane"
"82","lp_0533",-1.24472811758823,"chr","NC_004567.2",482282,482788,"+",1061874,"-","YP_004888537.1",168,"-","transport protein, QueT family","Hypothetical proteins","Conserved: membrane proteins","@Multi-transmembrane"
"359","lp_3678",-1.23223891168641,"chr","NC_004567.2",3295385,3296446,"-",1061562,"-","YP_004891142.1",353,"-","cell surface protein precursor","Cell envelope","Cell surface proteins: other","@C-terminally anchored (with CS)"
"303","lp_3246",-1.20516816809888,"chr","NC_004567.2",2892770,2893369,"-",1061469,"-","YP_004890777.1",199,"-","hypothetical protein lp_3246","Hypothetical proteins","Not conserved: other","@Intracellular"
"80","lp_0528",-1.20042281311523,"chr","NC_004567.2",476966,477991,"+",1061865,"argC2","YP_004888532.1",341,"-","N-acetyl-gamma-glutamyl-phosphate reductase","Amino acid biosynthesis","Glutamate family","@Intracellular"
"78","lp_0512",-1.18692938415194,"chr","NC_004567.2",458582,458827,"+",1061502,"rpmE","YP_004888518.1",81,"-","50S ribosomal protein L31","Protein synthesis","Ribosomal proteins: synthesis","@Intracellular"
"191","lp_1897",-1.17759300501936,"chr","NC_004567.2",1711806,1713566,"-",1061269,"pyk","YP_004889676.1",586,"-","pyruvate kinase","Energy metabolism","Glycolysis","@Intracellular"
"61","lp_0327",-1.17480233088874,"chr","NC_004567.2",299078,300091,"+",1062167,"-","YP_004888364.1",337,"-","acetoin ABC transporter, permease protein","Hypothetical proteins","Not conserved: other","@Multi-transmembrane"
"291","lp_3169",-1.1694019056249,"chr","NC_004567.2",2827247,2827513,"-",1063990,"-","YP_004890714.1",88,"-","hypothetical protein lp_3169","Hypothetical proteins","Conserved: other","@Intracellular"
"88","lp_0747",-1.16712309234629,"chr","NC_004567.2",683869,684798,"+",1063560,"pstD","YP_004888727.1",309,"-","phosphate ABC transporter permease","Transport and binding proteins","Anions","@Multi-transmembrane"
"102","lp_0848",-1.16712232490916,"chr","NC_004567.2",785693,787000,"+",1062613,"-","YP_004888815.1",435,"-","purine transport protein","Transport and binding proteins","Unknown substrate","@Multi-transmembrane"
"351","lp_3586",-1.16595267226392,"chr","NC_004567.2",3202766,3203866,"-",1062059,"lox","YP_004891061.1",366,"-","NAD-independent L-lactate dehydrogenase","Energy metabolism","Aerobic","@Intracellular"
"126","lp_1096",-1.15841138038535,"chr","NC_004567.2",996962,997834,"+",1063353,"mtsB","YP_004889013.1",290,"-","manganese ABC transporter, permease protein","Transport and binding proteins","Cations","@Multi-transmembrane"
"321","lp_3411",-1.15560337203535,"chr","NC_004567.2",3023758,3024726,"+",1063773,"-","YP_004890906.1",322,"-","extracellular protein","Cell envelope","Cell surface proteins: other","@N-terminally anchored (with CS)"
"309","lp_3280",-1.15073739286905,"chr","NC_004567.2",2920943,2921887,"-",1061809,"czcD1","YP_004890802.1",314,"-","cation (cobalt-zinc-cadmium) efflux protein","Transport and binding proteins","Cations","@Multi-transmembrane"
"2","lp_0053",-1.14800522313945,"chr","NC_004567.2",50960,51607,"-",1061229,"-","YP_004888134.1",215,"-","fibronectin-binding protein","Cell envelope","Cell surface proteins: membrane bound","@Intracellular"
"248","lp_2718",-1.14446669796414,"chr","NC_004567.2",2417807,2418475,"-",1063009,"-","YP_004890347.1",222,"-","methionine synthase (cobalamine-independent) family protein","Amino acid biosynthesis","Aspartate family","@Intracellular"
"227","lp_2525",-1.13865055719708,"chr","NC_004567.2",2252656,2254209,"-",1062711,"-","YP_004890203.1",517,"-","ABC transporter ATP-binding protein","Transport and binding proteins","Unknown substrate","@Intracellular"
"197","lp_2056",-1.12254222636249,"chr","NC_004567.2",1859097,1859819,"+",1061963,"-","YP_004889814.1",240,"-","HAD-superfamily hydrolase","Hypothetical proteins","Conserved: putative function","@Intracellular"
"134","lp_1268",-1.1225286590088,"chr","NC_004567.2",1153430,1153981,"+",1062923,"-","YP_004889160.1",183,"-","integrase/recombinase","Other categories","Phage and prophage related functions","@Intracellular"
"125","lp_1095",-1.11520107177294,"chr","NC_004567.2",996225,996962,"+",1063356,"mtsC","YP_004889012.1",245,"-","manganese ABC transporter, ATP-binding protein","Transport and binding proteins","Cations","@Intracellular"
"252","lp_2740",-1.07675202656256,"chr","NC_004567.2",2438700,2440481,"+",1063044,"-","YP_004890367.1",593,"-","ABC transporter permease","Transport and binding proteins","Unknown substrate","@Multi-transmembrane"
"226","lp_2514",-1.07428429614674,"chr","NC_004567.2",2245027,2246214,"-",1062698,"-","YP_004890194.1",395,"-","carbohydrate transporter, major facilitator superfamily (MFS)","Transport and binding proteins","Unknown substrate","@Multi-transmembrane"
"210","lp_2146",-1.07231270154727,"chr","NC_004567.2",1938776,1940614,"-",1063726,"typA","YP_004889889.1",612,"-","translation elongation factor, GTPase,TypA/BipA family","Protein synthesis","Translation factors","@Intracellular"
"155","lp_1580",-1.05297672890363,"chr","NC_004567.2",1443123,1443503,"+",1063409,"glnR","YP_004889411.1",126,"-","glutamine synthetase repressor, MerR family","Regulatory functions","MerR-family regulators","@Intracellular"
"302","lp_3245",-1.04455088870866,"chr","NC_004567.2",2891360,2892634,"+",1061843,"-","YP_004890776.1",424,"-","hypothetical protein lp_3245","Hypothetical proteins","Conserved: other","@Intracellular"
"90","lp_0749",-1.03557252146202,"chr","NC_004567.2",685687,686496,"+",1063562,"pstB","YP_004888729.1",269,"-","phosphate ABC transporter ATP-binding protein","Transport and binding proteins","Anions","@Intracellular"
"89","lp_0748",-1.03238318336549,"chr","NC_004567.2",684788,685672,"+",1063561,"pstC","YP_004888728.1",294,"-","phosphate ABC transporter permease","Transport and binding proteins","Anions","@Multi-transmembrane"
"264","lp_2817",-1.03169753463914,"chr","NC_004567.2",2512608,2513423,"-",1063185,"-","YP_004890430.1",271,"-","transcription regulator of multidrug-efflux transporter, MerR family","Regulatory functions","MerR-family regulators","@Intracellular"
"122","lp_1011",-1.03014660229735,"chr","NC_004567.2",932207,932842,"+",1063542,"dgk1","YP_004888946.1",211,"-","deoxyadenosine kinase / deoxyguanosine kinase","Purines, pyrimidines, nucleosides and nucleotides","2'-deoxyribonucleotide metabolism","@Intracellular"
"81","lp_0530",-1.02976638344925,"chr","NC_004567.2",479246,479992,"+",1061853,"argB","YP_004888534.1",248,"-","acetylglutamate kinase","Amino acid biosynthesis","Glutamate family","@Intracellular"
"156","lp_1638",-1.01749079868871,"chr","NC_004567.2",1493144,1493668,"+",1062156,"rimM","YP_004889463.1",174,"-","16S rRNA processing protein","Transcription","RNA processing","@Intracellular"
"295","lp_3193",-1.01388470035519,"chr","NC_004567.2",2845767,2846696,"-",1061958,"prtM2","YP_004890734.1",309,"-","peptidyl-prolyl isomerase","Protein fate","Protein folding and stabilization","@Lipid anchored"
"188","lp_1859",-1.013329575251,"chr","NC_004567.2",1680545,1681243,"-",1061559,"-","YP_004889644.1",232,"-","NADP oxidoreductase coenzyme, F420-dependent","Hypothetical proteins","Conserved: putative function","@Intracellular"
"140","lp_1358",-1.00876559521991,"chr","NC_004567.2",1246652,1247023,"+",1062643,"-","YP_004889226.1",123,"-","membrane protein","Hypothetical proteins","Not conserved: membrane proteins","@Multi-transmembrane(Lipid modified N-termini)"
"11","lp_0103",-1.00854865269692,"chr","NC_004567.2",92098,92763,"-",1061368,"-","YP_004888173.1",221,"-","Crp/FNR family transcriptional regulator","Regulatory functions","Crp/FNR-family regulators","@Intracellular"
"294","lp_3190",-1.00252263388266,"chr","NC_004567.2",2842945,2844105,"-",1061951,"hpk11","YP_004890731.1",386,"-","two component system histidine protein kinase; sensor protein","Regulatory functions","Two-component regulators","@Multi-transmembrane"
"91","lp_0754",1.00054918701398,"chr","NC_004567.2",688894,689841,"+",1063592,"hprK","YP_004888734.1",315,"-","bifunctional protein: HPr kinase; P-ser-HPr phosphatase","Transport and binding proteins","PTS systems","@Intracellular"
"173","lp_1700",1.00219971772279,"chr","NC_004567.2",1546941,1547426,"-",1062224,"-","YP_004889516.1",161,"-","membrane protein","Regulatory functions","Other","@Multi-transmembrane"
"174","lp_1701",1.0061566232279,"chr","NC_004567.2",1547454,1547912,"-",1062233,"-","YP_004889517.1",152,"-","nucleotide-binding protein, universal stress protein UspA family","cellular processes","adaptation and atypical conditions: other","@Intracellular"
"328","lp_3470",1.01579115717098,"chr","NC_004567.2",3076796,3077806,"+",1063444,"lacR","YP_004890953.1",336,"-","transcription regulator. LacI family, lactose related","Regulatory functions","LacI-family regulators","@Intracellular"
"179","lp_1748",1.0170361765327,"chr","NC_004567.2",1585581,1587242,"-",1061670,"-","YP_004889555.1",553,"-","iron ABC transporter permease","Transport and binding proteins","Unknown substrate","@Multi-transmembrane"
"133","lp_1262",1.01779427885115,"chr","NC_004567.2",1148274,1149203,"+",1062947,"oppB","YP_004889155.1",309,"-","oligopeptide ABC transporter permease","Transport and binding proteins","Amino acids, peptides and amines","@Multi-transmembrane"
"222","lp_2390",1.04874297535841,"chr","NC_004567.2",2154543,2155571,"-",1062434,"bcaT","YP_004890085.1",342,"-","branched-chain amino acid aminotransferase","Energy metabolism","Amino acids and amines","@Intracellular"
"296","lp_3220",1.05526039918655,"chr","NC_004567.2",2868761,2870428,"-",1061921,"-","YP_004890756.1",555,"-","sucrose/trehalose-6-phosphate hydrolase,glycosyl hydrolase family 13","Central intermediary metabolism","Biosynthesis and degradation of polysaccharides","@Intracellular"
"231","lp_2616",1.05639657100007,"chr","NC_004567.2",2333436,2333717,"+",1062845,"-","YP_004890273.1",93,"-","bacteriocin immunity protein","Cellular processes","Toxin production and resistance ","@Intracellular"
"344","lp_3509",1.05781026957742,"chr","NC_004567.2",3123400,3124308,"+",1062537,"-","YP_004890991.1",302,"-","N-acetylglucosamine kinase","Energy metabolism","Sugars","@Intracellular"
"293","lp_3177",1.05998901240435,"chr","NC_004567.2",2836009,2836371,"+",1063993,"-","YP_004890722.1",120,"-","membrane protein","Hypothetical proteins","Conserved: membrane proteins","@Multi-transmembrane"
"290","lp_3150",1.06424751409745,"chr","NC_004567.2",2815899,2816987,"+",1063961,"-","YP_004890699.1",362,"-","malate dehydrogenase","Energy metabolism","TCA cycle","@Intracellular"
"65","lp_0367",1.06883419340302,"chr","NC_004567.2",334512,336038,"+",1062133,"choS","YP_004888398.1",508,"-","glycine betaine/carnitine/choline ABC transporter, substrate binding and permease protein","Transport and binding proteins","Amino acids, peptides and amines","@Multi-transmembrane"
"130","lp_1249",1.06953319218663,"chr","NC_004567.2",1133122,1134477,"-",1062978,"gntP","YP_004889144.1",451,"-","gluconate transport protein","Transport and binding proteins","Carbohydrates, organic alcohols and acids","@Multi-transmembrane"
"232","lp_2629",1.07266100644154,"chr","NC_004567.2",2341564,2343321,"-",1062877,"pox3","YP_004890281.1",585,"-","pyruvate oxidase","Energy metabolism","Aerobic","@Intracellular"
"186","lp_1835",1.07681625766743,"chr","NC_004567.2",1657080,1657595,"-",1062998,"msrA2","YP_004889624.1",171,"-","protein-methionine-S-oxide reductase","Protein fate","Protein modification and repair","@Intracellular"
"139","lp_1354",1.07777137954538,"chr","NC_004567.2",1243003,1243611,"+",1062661,"-","YP_004889221.1",202,"-","hypothetical protein lp_1354","Hypothetical proteins","Conserved: other","@Intracellular"
"1","lp_0018",1.0815358701688,"chr","NC_004567.2",19153,20769,"+",1061288,"-","YP_004888109.1",538,"-","oligopeptide ABC transporter,oligopeptide-binding protein","Transport and binding proteins","Amino acids, peptides and amines","@Lipid anchored"
"92","lp_0778",1.08635681602222,"chr","NC_004567.2",713781,714317,"+",1063765,"-","YP_004888754.1",178,"-","membrane protein","Hypothetical proteins","Conserved: membrane proteins","@Multi-transmembrane"
"343","lp_3508",1.09698169981568,"chr","NC_004567.2",3122438,3123388,"+",1062586,"-","YP_004890990.1",316,"-","N-acetylmuramic acid 6-phosphate etherase","Regulatory functions","Other","@Intracellular"
"136","lp_1274",1.12599406963262,"chr","NC_004567.2",1157412,1159142,"+",1062915,"ptsI","YP_004889163.1",576,"-","phosphoenolpyruvate-protein phosphotransferase","Transport and binding proteins","PTS systems","@Intracellular"
"182","lp_1782",1.12769179089924,"chr","NC_004567.2",1614002,1614526,"+",1063520,"pyrR2","YP_004889583.1",174,"-","pyrimidine operon regulator","Regulatory functions","Other","@Intracellular"
"194","lp_1938",1.13127709825648,"chr","NC_004567.2",1756855,1757745,"+",1064100,"-","YP_004889712.1",296,"-","LysR family transcriptional regulator","Regulatory functions","LysR-family regulators","@Intracellular"
"77","lp_0509",1.13783635185301,"chr","NC_004567.2",455116,455310,"+",1061499,"-","YP_004888515.1",64,"-","hypothetical protein lp_0509","Hypothetical proteins","Not conserved: other","@Intracellular"
"298","lp_3225",1.13795939721819,"chr","NC_004567.2",2873659,2874309,"-",1062250,"-","YP_004890760.1",216,"-","ABC transporter ATP-binding protein","Transport and binding proteins","Unknown substrate","@Intracellular"
"4","lp_0059",1.13920218680242,"chr","NC_004567.2",58868,59293,"+",1061222,"arsC","YP_004888140.1",141,"-","arsenate reductase","Cellular processes","Adaptations and atypical conditions (Other)","@Intracellular"
"234","lp_2660",1.14408294229491,"chr","NC_004567.2",2365530,2366378,"-",1062899,"xynC","YP_004890303.1",282,"-","acetyl xylosidase (promiscuous)","Energy metabolism","Sugars","@Intracellular"
"119","lp_1004",1.14692064042871,"chr","NC_004567.2",926465,926989,"+",1063604,"-","YP_004888942.1",174,"-","Rrf2 family transcriptional regulator","Regulatory functions","Other","@Intracellular"
"135","lp_1273",1.15173240467227,"chr","NC_004567.2",1157146,1157412,"+",1062916,"ptsH","YP_004889162.1",88,"-","phosphocarrier protein Hpr","Transport and binding proteins","PTS systems","@Intracellular"
"115","lp_0930",1.16117780612888,"chr","NC_004567.2",861099,861539,"+",1064021,"asp2","YP_004888882.1",146,"-","alkaline shock protein","Cellular processes","Adaptations and atypical conditions (Other)","@Intracellular"
"195","lp_1945",1.17439546949452,"chr","NC_004567.2",1763406,1764293,"-",1061665,"-","YP_004889718.1",295,"-","multidrug ABC transporter ATP-binding protein","Transport and binding proteins","Unknown substrate","@Intracellular"
"6","lp_0070",1.17761758819707,"chr","NC_004567.2",68424,69671,"-",1061274,"-","YP_004888149.1",415,"-","4-hydroxyphenylacetate-3-hydroxylase,C-terminus (pseudogene)","Energy metabolism","Phenolic acids","@Intracellular"
"52","lp_0285",1.18538123192306,"chr","NC_004567.2",258406,259137,"+",1061160,"-","YP_004888325.1",243,"-","RpiR family transcriptional regulator","Regulatory functions","RpiR-family regulators","@Intracellular"
"265","lp_2829",1.19834674276155,"chr","NC_004567.2",2522627,2523553,"+",1063198,"mleP3","YP_004890440.1",308,"-","malate transport protein","Transport and binding proteins","Carbohydrates, organic alcohols and acids","@Multi-transmembrane"
"131","lp_1250",1.19902408766061,"chr","NC_004567.2",1134489,1136003,"-",1062977,"gntK","YP_004889145.1",504,"-","gluconokinase","Energy metabolism","Pentose phosphate pathway","@Intracellular"
"267","lp_2855",1.19987665836046,"chr","NC_004567.2",2545177,2546439,"-",1063233,"dapE2","YP_004890460.1",420,"-","succinyl-diaminopimelate desuccinylase","Amino acid biosynthesis","Aspartate family","@Intracellular"
"153","lp_1523",1.20090728716859,"chr","NC_004567.2",1393470,1394216,"+",1064158,"racD","YP_004889362.1",248,"-","aspartate racemase","Amino acid biosynthesis","Glutamate family","@Intracellular"
"187","lp_1836",1.20386695886813,"chr","NC_004567.2",1657623,1658057,"-",1063073,"mrsB","YP_004889625.1",144,"-","protein-methionine-S-oxide reductase","Protein fate","Protein modification and repair","@Intracellular"
"198","lp_2093",1.21001613912522,"chr","NC_004567.2",1886120,1886404,"+",1061787,"-","YP_004889843.1",94,"-","hypothetical protein lp_2093","Hypothetical proteins","Conserved: other","@Intracellular"
"331","lp_3473",1.21655088662159,"chr","NC_004567.2",3081231,3082808,"-",1063440,"ram2","YP_004890956.1",525,"-","alpha-L-rhamnosidase","Central intermediary metabolism","Biosynthesis and degradation of polysaccharides","@Intracellular"
"271","lp_2968",1.21781016864601,"chr","NC_004567.2",2641876,2642529,"-",1063427,"-","YP_004890546.1",217,"-","nitroreductase","Energy metabolism","Anaerobic","@Intracellular"
"132","lp_1253",1.22456911093808,"chr","NC_004567.2",1137086,1138408,"-",1062967,"gshR2","YP_004889147.1",440,"-","glutathione reductase","Biosynthesis of cofactors, prosthetic groups, and carriers","Glutathione, thioredoxin, and glutaredoxin","@Intracellular"
"118","lp_1002",1.22647961008941,"chr","NC_004567.2",925051,925845,"-",1063602,"-","YP_004888940.1",264,"-","lipase/esterase","Hypothetical proteins","Conserved: putative function","@Intracellular"
"297","lp_3224",1.22885562404886,"chr","NC_004567.2",2872907,2873662,"-",1062014,"-","YP_004890759.1",251,"-","ABC transporter permease","Transport and binding proteins","Unknown substrate","@Multi-transmembrane"
"150","lp_1466",1.23650801463106,"chr","NC_004567.2",1342655,1344643,"-",1062356,"feoB","YP_004889309.1",662,"-","ferrous iron transport protein B","Transport and binding proteins","Cations","@Multi-transmembrane"
"112","lp_0927",1.24288395094025,"chr","NC_004567.2",859861,860406,"+",1061923,"-","YP_004888879.1",181,"-","membrane protein","Hypothetical proteins","Conserved: membrane proteins","@Multi-transmembrane"
"63","lp_0334",1.24488279607723,"chr","NC_004567.2",306430,307842,"+",1062170,"pepD2","YP_004888370.1",470,"-","dipeptidase","Protein fate","Degradation of proteins, peptides, and glycopeptides","@Intracellular"
"22","lp_0118",1.24949438951419,"chr","NC_004567.2",103981,105573,"+",1061353,"-","YP_004888186.1",530,"-","DNA-binding protein with HIRAN domain","Hypothetical proteins","Not conserved: other","@Intracellular"
"235","lp_2661",1.25395584099725,"chr","NC_004567.2",2366393,2367118,"-",1062917,"-","YP_004890304.1",241,"-","GntR family transcriptional regulator","Regulatory functions","GntR-family regulators","@Intracellular"
"113","lp_0928",1.26123702884621,"chr","NC_004567.2",860419,860601,"+",1064033,"-","YP_004888880.1",60,"-","hypothetical protein lp_0928","Hypothetical proteins","Conserved: other","@N-terminally anchored (No CS)"
"111","lp_0926",1.26183120475608,"chr","NC_004567.2",859595,859849,"+",1061953,"-","YP_004888878.1",84,"-","membrane protein","Hypothetical proteins","Conserved: membrane proteins","@Multi-transmembrane"
"183","lp_1783",1.26357188972554,"chr","NC_004567.2",1614561,1615643,"+",1061649,"pyrAA2","YP_004889584.1",360,"-","carbamoyl-phosphate synthase (glutamine-hydrolysing), small chain","Purines, pyrimidines, nucleosides and nucleotides","Pyrimidine ribonucleotide biosynthesis","@Intracellular"
"316","lp_3355",1.27333968345402,"chr","NC_004567.2",2982970,2983608,"+",1063890,"-","YP_004890859.1",212,"-","short-chain dehydrogenase/oxidoreductase,atypical SDR family, subgroup 6","Energy metabolism","Aerobic","@Intracellular"
"114","lp_0929",1.27353859873079,"chr","NC_004567.2",860616,861038,"+",1061895,"asp1","YP_004888881.1",140,"-","alkaline shock protein","Cellular processes","Adaptations and atypical conditions (Other)","@Intracellular"
"109","lp_0889",1.27374065460845,"chr","NC_004567.2",820381,820821,"-",1061199,"-","YP_004888846.1",146,"-","MarR family transcriptional regulator","Regulatory functions","MarR-family regulators","@Intracellular"
"342","lp_3505",1.27456697373613,"chr","NC_004567.2",3119171,3119962,"-",1062690,"estA","YP_004890987.1",263,"-","acetyl esterase (promiscuous)","Hypothetical proteins","Conserved: putative function","@Intracellular"
"216","lp_2220",1.27989172381321,"chr","NC_004567.2",2002851,2003489,"+",1062566,"cutC","YP_004889947.1",212,"-","copper homeostasis protein","Cellular processes","Adaptations and atypical conditions (Other)","@Intracellular"
"230","lp_2591",1.28266730004127,"chr","NC_004567.2",2309468,2310424,"+",1062806,"-","YP_004890253.1",318,"-","purine nucleosidase","Purines, pyrimidines, nucleosides and nucleotides","Salvage of nucleosides and nucleotides","@Intracellular"
"178","lp_1747",1.28293949247211,"chr","NC_004567.2",1584926,1585426,"+",1061673,"-","YP_004889554.1",166,"-","nucleotide-binding protein, universal stress protein UspA family","cellular processes","adaptation and atypical conditions: other","@Intracellular"
"152","lp_1483",1.30230644680818,"chr","NC_004567.2",1357503,1358381,"+",1062322,"-","YP_004889325.1",292,"-","Xre family transcriptional regulator","Regulatory functions","Other","@Intracellular"
"42","lp_0226",1.31127796395933,"chr","NC_004567.2",206280,206993,"+",1061399,"nagB","YP_004888275.1",237,"-","glucosamine-6-phosphate isomerase/deaminase","Central intermediary metabolism","Amino sugars","@Intracellular"
"76","lp_0507",1.31607142182806,"chr","NC_004567.2",453809,454537,"+",1061493,"-","YP_004888514.1",242,"-","hypothetical protein lp_0507","Hypothetical proteins","Conserved: other","@Intracellular"
"193","lp_1912",1.34126554983011,"chr","NC_004567.2",1729426,1731822,"-",1062050,"pps","YP_004889688.1",798,"-","phosphoenolpyruvate synthase (pyruvate phosphate dikinase)","Energy metabolism","Glycolysis","@Intracellular"
"172","lp_1686",1.34170248255439,"chr","NC_004567.2",1534762,1535262,"+",1062099,"-","YP_004889502.1",166,"-","acyl-CoA hydrolase","Central intermediary metabolism","General","@Intracellular"
"190","lp_1876",1.34778382338371,"chr","NC_004567.2",1695235,1696032,"-",1064074,"-","YP_004889658.1",265,"-","hydrolase, HAD superfamily, Cof family","Hypothetical proteins","Conserved: putative function","@Intracellular"
"27","lp_0172",1.35415456868209,"chr","NC_004567.2",147271,148290,"+",1061295,"-","YP_004888229.1",339,"-","LacI family transcriptional regulator,maltose-related","Regulatory functions","LacI-family regulators","@Intracellular"
"40","lp_0218",1.36915310928266,"chr","NC_004567.2",200500,201906,"-",1061410,"-","YP_004888268.1",468,"-","ABC transporter ATP-binding protein","Transport and binding proteins","Unknown substrate","@Intracellular"
"43","lp_0231",1.37218443392797,"chr","NC_004567.2",210788,212863,"+",1061396,"mtlR","YP_004888278.1",691,"-","BglG family transcriptional regulator","Regulatory functions","Other","@Intracellular"
"29","lp_0174",1.37423391769801,"chr","NC_004567.2",149293,150966,"+",1061464,"malA1","YP_004888231.1",557,"-","maltase/sucrase","Central intermediary metabolism","Biosynthesis and degradation of polysaccharides","@Intracellular"
"39","lp_0217",1.38650794744038,"chr","NC_004567.2",199844,200503,"-",1061411,"-","YP_004888267.1",219,"-","ABC transporter permease","Transport and binding proteins","Unknown substrate","@Multi-transmembrane"
"324","lp_3420",1.40244066432821,"chr","NC_004567.2",3035468,3036877,"+",1063739,"gadB","YP_004890915.1",469,"-","glutamate decarboxylase","Energy metabolism","Amino acids and amines","@Intracellular"
"338","lp_3485",1.40312006174297,"chr","NC_004567.2",3094697,3096913,"-",1063346,"melA","YP_004890967.1",738,"-","alpha-galactosidase","Central intermediary metabolism","Biosynthesis and degradation of polysaccharides","@Intracellular"
"74","lp_0505",1.41006968393232,"chr","NC_004567.2",452087,452740,"+",1061489,"sdhB","YP_004888512.1",217,"-","L-serine dehydratase subunit beta","Energy metabolism","Amino acids and amines","@Intracellular"
"185","lp_1824",1.41838302882381,"chr","NC_004567.2",1650578,1651885,"+",1062906,"-","YP_004889620.1",435,"-","family 2 glycosyltransferase","Cell envelope","Surface polysaccharides, lipopolysaccharides and antigens","@Multi-transmembrane"
"87","lp_0737",1.44424087275899,"chr","NC_004567.2",674618,675184,"+",1063452,"-","YP_004888719.1",188,"-","ribosomal protein S30EA","Protein synthesis","Ribosomal proteins: synthesis","@Intracellular"
"75","lp_0506",1.46256724868687,"chr","NC_004567.2",452759,453658,"+",1061492,"sdhA","YP_004888513.1",299,"-","L-serine dehydratase subunit alpha","Energy metabolism","Amino acids and amines","@Intracellular"
"151","lp_1482",1.48118165682396,"chr","NC_004567.2",1357135,1357473,"+",1062323,"-","YP_004889324.1",112,"-","FeS assembly SUF system protein","Hypothetical proteins","Conserved: other","@Intracellular"
"250","lp_2733",1.48316358273005,"chr","NC_004567.2",2431840,2432448,"-",1063043,"-","YP_004890360.1",202,"-","NADPH-dependent FMN reductase family protein","Hypothetical proteins","Conserved: putative function","@Intracellular"
"142","lp_1392",1.4857584353409,"chr","NC_004567.2",1274579,1275055,"-",1062529,"-","YP_004889249.1",158,"-","hypothetical protein lp_1392","Hypothetical proteins","Not conserved: other","@Multi-transmembrane"
"97","lp_0807",1.49684240024356,"chr","NC_004567.2",748191,749168,"+",1063897,"pta","YP_004888780.1",325,"-","phosphate acetyltransferase","Energy metabolism","Fermentation","@Intracellular"
"120","lp_1005",1.49769205270874,"chr","NC_004567.2",927175,928857,"+",1063603,"als","YP_004888943.1",560,"-","acetolactate synthase","Energy metabolism","Fermentation","@Intracellular"
"176","lp_1705",1.50333450023809,"chr","NC_004567.2",1550011,1550130,"+",1064129,"-","YP_004889521.1",39,"-","hypothetical protein lp_1705","Hypothetical proteins","Not conserved: other","@N-terminally anchored (No CS)"
"357","lp_3661",1.50377620685991,"chr","NC_004567.2",3281352,3282350,"-",1061589,"rbsR","YP_004891129.1",332,"-","LacI family transcriptional regulator, ribose","Regulatory functions","LacI-family regulators","@Intracellular"
"34","lp_0179",1.50508187120116,"chr","NC_004567.2",155655,156977,"+",1061459,"malS","YP_004888236.1",440,"-","alpha-amylase, maltodextrins and cyclomaltodextrins","Central intermediary metabolism","Biosynthesis and degradation of polysaccharides","@Intracellular"
"99","lp_0823",1.51055689194452,"chr","NC_004567.2",763643,764314,"+",1063939,"-","YP_004888794.1",223,"-","diguanylate cyclase/phosphodiesterase, EAL domain","Hypothetical proteins","Conserved: putative function","@Intracellular"
"32","lp_0177",1.51139818984713,"chr","NC_004567.2",153879,154763,"+",1061461,"mdxG","YP_004888234.1",294,"-","maltodextrin ABC transporter, permease protein","Transport and binding proteins","Carbohydrates, organic alcohols and acids","@Multi-transmembrane"
"268","lp_2856",1.51406239127174,"chr","NC_004567.2",2546520,2549111,"-",1063224,"-","YP_004890461.1",863,"-","ABC transporter permease","Transport and binding proteins","Unknown substrate","@Multi-transmembrane"
"177","lp_1706",1.53498361954367,"chr","NC_004567.2",1550146,1550412,"+",1061707,"-","YP_004889522.1",88,"-","membrane protein","Hypothetical proteins","Conserved: membrane proteins","@Multi-transmembrane"
"96","lp_0806",1.55051142356182,"chr","NC_004567.2",747475,748167,"+",1063885,"ung","YP_004888779.1",230,"-","uracil-DNA glycosylase","DNA metabolism","DNA replication recombination, and repair","@Intracellular"
"175","lp_1704",1.55592030527793,"chr","NC_004567.2",1549691,1549939,"+",1062109,"-","YP_004889520.1",82,"-","membrane protein","Hypothetical proteins","Conserved: membrane proteins","@Multi-transmembrane"
"327","lp_3469",1.5579355824153,"chr","NC_004567.2",3074498,3076549,"-",1063513,"lacA","YP_004890952.1",683,"-","beta-galactosidase I","Energy metabolism","Sugars","@Intracellular"
"28","lp_0173",1.55995968244239,"chr","NC_004567.2",148314,149276,"+",1061465,"-","YP_004888230.1",320,"-","LacI family transcriptional regulator","Regulatory functions","LacI-family regulators","@Intracellular"
"287","lp_3117",1.58603959074607,"chr","NC_004567.2",2780940,2783192,"-",1063793,"-","YP_004890674.1",750,"-","cell surface protein, CscC family","Cell envelope","Cell surface proteins: other","@N-terminally anchored (No CS)"
"262","lp_2799",1.59767717997173,"chr","NC_004567.2",2493044,2494480,"+",1063153,"-","YP_004890418.1",478,"-","amino acid transport protein","Transport and binding proteins","Amino acids, peptides and amines","@Multi-transmembrane"
"171","lp_1685",1.60016961326313,"chr","NC_004567.2",1533668,1534555,"+",1061740,"-","YP_004889501.1",295,"-","LysR family transcriptional regulator","Regulatory functions","LysR-family regulators","@Intracellular"
"157","lp_1667",1.61199320114458,"chr","NC_004567.2",1519806,1520168,"+",1061615,"-","YP_004889484.1",120,"-","membrane protein","Hypothetical proteins","Conserved: membrane proteins","@Multi-transmembrane"
"58","lp_0320",1.625593307133,"chr","NC_004567.2",295609,296076,"-",1062147,"-","YP_004888358.1",155,"-","hypothetical protein lp_0320","Hypothetical proteins","Conserved: other","@Intracellular"
"184","lp_1785",1.63596025932391,"chr","NC_004567.2",1618380,1618979,"+",1064081,"pgm5","YP_004889586.1",199,"-","phosphoglycerate mutase family protein","Energy metabolism","Glycolysis","@Intracellular"
"116","lp_0946",1.63872727957834,"chr","NC_004567.2",876779,880348,"-",1063978,"-","YP_004888895.1",1189,"-","mucus-binding protein, LPXTG-motif cell wall anchor","Cell envelope","Cell surface proteins: LPxTG anchor","@LPxTG Cell-wall anchored"
"71","lp_0439",1.64690487071089,"chr","NC_004567.2",392220,393575,"+",1064160,"pts8C","YP_004888458.1",451,"-","PTS system, cellobiose-specific EIIC component","Transport and binding proteins","PTS systems","@Multi-transmembrane"
"41","lp_0219",1.64766804882192,"chr","NC_004567.2",201935,202504,"-",1061408,"-","YP_004888269.1",189,"-","ABC transporter permease","Transport and binding proteins","Unknown substrate","@Multi-transmembrane"
"334","lp_3480",1.65485578666503,"chr","NC_004567.2",3087795,3089258,"-",1063432,"galT","YP_004890962.1",487,"-","UTP-galactose-1-P uridylyltransferase","Energy metabolism","Sugars","@Intracellular"
"180","lp_1762",1.65946332003815,"chr","NC_004567.2",1598181,1598588,"+",1062611,"-","YP_004889566.1",135,"-","hypothetical protein lp_1762","Hypothetical proteins","Conserved: other","@Intracellular"
"23","lp_0139",1.67171328198566,"chr","NC_004567.2",122436,124130,"+",1061329,"lai","YP_004888205.1",564,"-","linoleic acid isomerase","Cell envelope","Cell surface proteins: membrane bound","@N-terminally anchored (No CS)"
"202","lp_2098",1.68334080676602,"chr","NC_004567.2",1891892,1893214,"+",1061794,"-","YP_004889848.1",440,"-","metallophosphoesterase, lipoprotein precursor","Cell envelope","Cell surface proteins: lipoproteins","@Lipid anchored"
"301","lp_3243",1.69513955824164,"chr","NC_004567.2",2890133,2890390,"-",1061135,"-","YP_004890774.1",85,"-","hypothetical protein lp_3243","Hypothetical proteins","Not conserved: other","@Intracellular"
"72","lp_0472",1.69972735218527,"chr","NC_004567.2",422195,423217,"+",1064142,"-","YP_004888485.1",340,"-","membrane protein","Hypothetical proteins","Conserved: membrane proteins","@Multi-transmembrane"
"35","lp_0184",1.70110810598505,"chr","NC_004567.2",164479,165345,"-",1061449,"sacK1","YP_004888241.1",288,"-","fructokinase","Energy metabolism","Sugars","@Intracellular"
"45","lp_0233",1.70292629552432,"chr","NC_004567.2",213329,214486,"+",1061392,"mtlD","YP_004888280.1",385,"-","mannitol-1-phosphate 5-dehydrogenase","Energy metabolism","Sugars","@Intracellular"
"246","lp_2708",1.70535958828361,"chr","NC_004567.2",2408785,2410374,"+",1063005,"pucR","YP_004890340.1",529,"-","purine transport regulator","Regulatory functions","Other","@Intracellular"
"215","lp_2219",1.70547270446238,"chr","NC_004567.2",2001816,2002835,"+",1061488,"-","YP_004889946.1",339,"-","6-phosphogluconolactonase","Energy metabolism","Pentose phosphate pathway","@Intracellular"
"33","lp_0178",1.71727475520404,"chr","NC_004567.2",154791,155621,"+",1061460,"-","YP_004888235.1",276,"-","maltodextrin ABC transporter, accessory protein","Transport and binding proteins","Carbohydrates, organic alcohols and acids","@Multi-transmembrane"
"44","lp_0232",1.74407695090822,"chr","NC_004567.2",212878,213327,"+",1061394,"pts2A","YP_004888279.1",149,"-","PTS system, mannitol-specific EIIA component","Transport and binding proteins","PTS systems","@Intracellular"
"123","lp_1069",1.760984206642,"chr","NC_004567.2",970871,972781,"-",1063441,"ndh2","YP_004888990.1",636,"-","NADH dehydrogenase, membrane-anchored","Energy metabolism","Electron transport","@Multi-transmembrane"
"320","lp_3363",1.76445722553579,"chr","NC_004567.2",2988637,2990676,"-",1063877,"copB","YP_004890865.1",679,"-","copper transporting ATPase","Transport and binding proteins","Cations","@Multi-transmembrane"
"24","lp_0154",1.77132968130043,"chr","NC_004567.2",132901,133230,"+",1061316,"-","YP_004888213.1",109,"-","PadR family transcriptional regulator","Regulatory functions","Other","@Intracellular"
"30","lp_0175",1.77648114039705,"chr","NC_004567.2",151222,152475,"+",1061463,"mdxE","YP_004888232.1",417,"-","maltodextrin ABC transporter, substrate binding protein","Transport and binding proteins","Carbohydrates, organic alcohols and acids","@Lipid anchored"
"299","lp_3236",1.79029295039895,"chr","NC_004567.2",2883615,2884466,"+",1062207,"-","YP_004890768.1",283,"-","short-chain dehydrogenase/oxidoreductase,atypical SDR family, TMR-like","Hypothetical proteins","Conserved: other","@Intracellular"
"281","lp_3058",1.81569957138259,"chr","NC_004567.2",2718834,2719208,"-",1063298,"-","YP_004890621.1",124,"-","copper-binding protein","Transport and binding proteins","Cations",""
"196","lp_1974",1.83628064849504,"chr","NC_004567.2",1785692,1786510,"+",1064110,"-","YP_004889741.1",272,"-","transcription regulator of gluconeogenic genes","Regulatory functions","Other","@Intracellular"
"269","lp_2857",1.83685884473566,"chr","NC_004567.2",2549105,2549509,"-",1063223,"-","YP_004890462.1",134,"-","ABC transporter, ATP-binding protein,C-terminal domain","Transport and binding proteins","Unknown substrate",""
"300","lp_3241",1.84192877584485,"chr","NC_004567.2",2889349,2890017,"-",1061754,"nth2","YP_004890773.1",222,"-","endonuclease III","DNA metabolism","Degradation of DNA","@Intracellular"
"108","lp_0887",1.86005256140723,"chr","NC_004567.2",817886,818644,"+",1062122,"-","YP_004888844.1",252,"-","PTS-related protein","Hypothetical proteins","Conserved: other","@Intracellular"
"249","lp_2732",1.87549444626227,"chr","NC_004567.2",2430530,2431825,"-",1063042,"-","YP_004890359.1",431,"-","NADPH-dependent FMN reductase family protein","Hypothetical proteins","Conserved: putative function","@Intracellular"
"104","lp_0850",1.91038923361336,"chr","NC_004567.2",789498,790346,"+",1062600,"ribC1","YP_004888817.1",282,"-","bifunctional protein: riboflavin kinase; FMN adenylyltransferase","Biosynthesis of cofactors, prosthetic groups, and carriers","Riboflavin, FMN, and FAD","@Intracellular"
"255","lp_2767",1.91772439557525,"chr","NC_004567.2",2458399,2459580,"+",1063089,"-","YP_004890391.1",393,"-","GNAT family acetyltransferase","Hypothetical proteins","Conserved: putative function","@Intracellular"
"254","lp_2766",1.92267193991667,"chr","NC_004567.2",2457280,2458371,"+",1063097,"-","YP_004890390.1",363,"-","hypothetical protein lp_2766","Hypothetical proteins","Conserved: putative function","@Intracellular"
"280","lp_3057",1.92898222715044,"chr","NC_004567.2",2718549,2718818,"-",1063268,"-","YP_004890620.1",89,"-","copper-binding protein","Transport and binding proteins","Cations",""
"229","lp_2572",1.93505503387544,"chr","NC_004567.2",2290117,2291070,"+",1062793,"pva3","YP_004890239.1",317,"-","penicillin V acylase family protein","Fatty acid and phospholipid metabolism","Sterol, Vitamin K, Vitamin E, carotenoids biosynthesis","@Intracellular"
"326","lp_3449",1.93577859679475,"chr","NC_004567.2",3056766,3058118,"-",1063541,"nox5","YP_004890938.1",450,"-","NADH oxidase","Energy metabolism","Aerobic","@Intracellular"
"124","lp_1070",1.94150673884508,"chr","NC_004567.2",973064,973990,"+",1063433,"-","YP_004888991.1",308,"-","lipoprotein precursor, FMN-binding protein","Cell envelope","Cell surface proteins: lipoproteins","@Lipid anchored"
"149","lp_1450",1.95347112889333,"chr","NC_004567.2",1328198,1328902,"-",1062394,"-","YP_004889295.1",234,"-","cell surface protein, CscB family","Cell envelope","Cell surface proteins: other","@Secretory(released) (with CS)"
"329","lp_3471",1.97560923039362,"chr","NC_004567.2",3077901,3079859,"-",1063443,"ram1","YP_004890954.1",652,"-","alpha-L-rhamnosidase","Central intermediary metabolism","Biosynthesis and degradation of polysaccharides","@Intracellular"
"237","lp_2685",1.98721896778493,"chr","NC_004567.2",2384767,2385636,"+",1062959,"dapA2","YP_004890323.1",289,"-","dihydrodipicolinate synthase","Amino acid biosynthesis","Aspartate family","@Intracellular"
"107","lp_0886",1.99133759467104,"chr","NC_004567.2",816428,817879,"+",1062564,"pts11BC","YP_004888843.1",483,"-","PTS system, beta-glucosides-specific EIIBC component","Transport and binding proteins","PTS systems","@Multi-transmembrane"
"127","lp_1168",1.99910978407688,"chr","NC_004567.2",1066063,1066626,"+",1063180,"-","YP_004889071.1",187,"-","hypothetical protein lp_1168","Hypothetical proteins","Not conserved: other","@Intracellular"
"238","lp_2696",2.00514646473464,"chr","NC_004567.2",2397218,2398327,"-",1062972,"oroP","YP_004890331.1",369,"-","orotate transport protein","Transport and binding proteins","Nucleosides, purines and pyrimidines","@Multi-transmembrane"
"8","lp_0098",2.02037934407598,"chr","NC_004567.2",88467,89246,"+",1061376,"-","YP_004888168.1",259,"-","adenylyl transferase","Hypothetical proteins","Conserved: putative function","@Intracellular"
"105","lp_0884",2.02906645200174,"chr","NC_004567.2",815041,815532,"+",1064192,"pts11A","YP_004888841.1",163,"-","PTS system transporter subunit IIA","Transport and binding proteins","PTS systems","@Intracellular"
"189","lp_1872",2.04837206319521,"chr","NC_004567.2",1692435,1692887,"-",1064058,"-","YP_004889655.1",150,"-","hypothetical protein lp_1872","Hypothetical proteins","Conserved: other","@Intracellular"
"221","lp_2384",2.05283910877958,"chr","NC_004567.2",2151874,2152839,"-",1062438,"pmi","YP_004890082.1",321,"-","mannose-6-phosphate isomerase","Energy metabolism","Sugars","@Intracellular"
"110","lp_0912",2.09761879153678,"chr","NC_004567.2",842493,843422,"+",1061968,"-","YP_004888866.1",309,"-","enoyl","Fatty acid and phospholipid metabolism","Fatty acid biosynthesis","@Intracellular"
"335","lp_3482",2.11983847815563,"chr","NC_004567.2",3090327,3091490,"-",1063392,"galK","YP_004890964.1",387,"-","galactokinase","Energy metabolism","Sugars","@Intracellular"
"73","lp_0502",2.12026184463138,"chr","NC_004567.2",450437,451717,"+",1061487,"sdaC","YP_004888511.1",426,"-","serine transporter","Transport and binding proteins","Amino acids, peptides and amines","@Multi-transmembrane"
"106","lp_0885",2.15162496946046,"chr","NC_004567.2",815558,816400,"+",1061195,"bglG1","YP_004888842.1",280,"-","transcription antiterminator, BlgB family","Regulatory functions","BglB-family regulators","@Intracellular"
"330","lp_3472",2.15859553003386,"chr","NC_004567.2",3079936,3081216,"-",1063465,"ramP1","YP_004890955.1",426,"-","disaccharride transporter, major facilitator super family (MFS)","Transport and binding proteins","Carbohydrates, organic alcohols and acids","@Multi-transmembrane"
"286","lp_3092",2.160363369866,"chr","NC_004567.2",2751334,2752746,"+",1063638,"gabD","YP_004890650.1",470,"-","succinate-semialdehyde dehydrogenase (NAD(P)+)","Energy metabolism","Amino acids and amines","@Intracellular"
"69","lp_0436",2.18109670663654,"chr","NC_004567.2",390029,391390,"+",1061332,"pts7C","YP_004888456.1",453,"-","PTS system, cellobiose-specific EIIC component","Transport and binding proteins","PTS systems","@Multi-transmembrane"
"199","lp_2095",2.19197686329515,"chr","NC_004567.2",1888094,1888849,"+",1061801,"fruR","YP_004889845.1",251,"-","DeoR family transcriptional regulator","Regulatory functions","DeoR-family regulators","@Intracellular"
"236","lp_2684",2.20629699507078,"chr","NC_004567.2",2383590,2384762,"+",1062942,"araT2","YP_004890322.1",390,"-","aromatic amino acid specific aminotransferase","Energy metabolism","Amino acids and amines","@Intracellular"
"339","lp_3486",2.20755693927634,"chr","NC_004567.2",3097010,3098968,"-",1063359,"rafP","YP_004890968.1",652,"-","PTS regulated carbohydrate transporter, GPH family, raffinose/melibiose/galactose (can switch between symport (H+) and antiport (lactose))","Transport and binding proteins","Carbohydrates, organic alcohols and acids","@Multi-transmembrane"
"279","lp_3055",2.20874873067598,"chr","NC_004567.2",2716624,2718549,"-",1062925,"copA","YP_004890619.1",641,"-","copper transporting ATPase","Transport and binding proteins","Cations","@Multi-transmembrane"
"261","lp_2788",2.23428084275236,"chr","NC_004567.2",2477879,2478898,"+",1063128,"panE","YP_004890408.1",339,"-","2-dehydropantoate 2-reductase","Energy metabolism","Amino acids and amines","@Intracellular"
"146","lp_1447",2.26898438061548,"chr","NC_004567.2",1326012,1326383,"-",1062403,"-","YP_004889292.1",123,"-","cell surface protein precursor, CscD family,LPXTG-motif cell wall anchor","Cell envelope","Cell surface proteins: LPxTG anchor","@LPxTG Cell-wall anchored"
"70","lp_0438",2.27571786155273,"chr","NC_004567.2",391575,391997,"+",1064162,"-","YP_004888457.1",140,"-","hypothetical protein lp_0438","Hypothetical proteins","Conserved: other","@Intracellular"
"201","lp_2097",2.28188185967968,"chr","NC_004567.2",1889785,1891752,"+",1061803,"fruA","YP_004889847.1",655,"-","PTS system, fructose-specific EIIABC component","Transport and binding proteins","PTS systems","@Multi-transmembrane"
"319","lp_3360",2.34566167773365,"chr","NC_004567.2",2986598,2987275,"-",1063881,"-","YP_004890863.1",225,"-","membrane protein","Hypothetical proteins","Conserved: membrane proteins","@Multi-transmembrane"
"332","lp_3474",2.35591303158414,"chr","NC_004567.2",3082838,3084115,"-",1063473,"ramP2","YP_004890957.1",425,"-","disaccharride transporter, major facilitator super family (MFS)","Transport and binding proteins","Carbohydrates, organic alcohols and acids","@Multi-transmembrane"
"147","lp_1448",2.36739461330547,"chr","NC_004567.2",1326443,1327489,"-",1062396,"-","YP_004889293.1",348,"-","cell surface protein precursor","Cell envelope","Cell surface proteins: other","@C-terminally anchored (with CS)"
"148","lp_1449",2.38266794918267,"chr","NC_004567.2",1327499,1328179,"-",1062395,"-","YP_004889294.1",226,"-","cell surface protein, CscB family","Cell envelope","Cell surface proteins: other","@Secretory(released) (with CS)"
"21","lp_0116",2.42334529998555,"chr","NC_004567.2",101717,102916,"+",1061355,"thiP","YP_004888184.1",399,"-","hydroxymethylpyrimidine permease","Transport and binding proteins","Nucleosides, purines and pyrimidines","@Multi-transmembrane(Lipid modified N-termini)"
"20","lp_0115",2.42723028034073,"chr","NC_004567.2",101064,101717,"+",1061356,"thiE","YP_004888183.1",217,"-","thiamine-phosphate pyrophosphorylase","Biosynthesis of cofactors, prosthetic groups, and carriers","Thiamine","@Intracellular"
"341","lp_3489",2.44223311919061,"chr","NC_004567.2",3101775,3102797,"-",1063008,"-","YP_004890971.1",340,"-","aldo/keto reductase family protein","Hypothetical proteins","Conserved: putative function","@Intracellular"
"200","lp_2096",2.46151988942276,"chr","NC_004567.2",1888846,1889763,"+",1062153,"fruK","YP_004889846.1",305,"-","1-phosphofructokinase","Energy metabolism","Sugars","@Intracellular"
"19","lp_0114",2.47599297013087,"chr","NC_004567.2",100250,101074,"+",1061357,"thiD","YP_004888182.1",274,"-","phosphomethylpyrimidine kinase & hydroxymethylpyrimidine kinase","Biosynthesis of cofactors, prosthetic groups, and carriers","Thiamine","@Intracellular"
"31","lp_0176",2.48411538877638,"chr","NC_004567.2",152585,153874,"+",1061462,"mdxF","YP_004888233.1",429,"-","maltodextrin ABC transporter, permease protein","Transport and binding proteins","Carbohydrates, organic alcohols and acids","@Multi-transmembrane"
"138","lp_1353",2.49013886760806,"chr","NC_004567.2",1242052,1242873,"+",1062663,"-","YP_004889220.1",273,"-","hydrolase, HAD superfamily, Cof family","Hypothetical proteins","Conserved: putative function","@Intracellular"
"318","lp_3359",2.52501923117054,"chr","NC_004567.2",2985874,2986572,"-",1063882,"-","YP_004890862.1",232,"-","membrane protein","Hypothetical proteins","Conserved: membrane proteins","@Multi-transmembrane"
"259","lp_2782",2.58043869324299,"chr","NC_004567.2",2473087,2473794,"+",1063123,"gntR","YP_004890403.1",235,"-","GntR family transcriptional regulator","Regulatory functions","GntR-family regulators","@Intracellular"
"158","lp_1670",2.59313356423898,"chr","NC_004567.2",1522732,1523175,"+",1061766,"fabZ1","YP_004889487.1",147,"-","(3R)-hydroxyacyl","Fatty acid and phospholipid metabolism","Fatty acid biosynthesis","@Intracellular"
"145","lp_1446",2.6800403778945,"chr","NC_004567.2",1322728,1326006,"-",1062404,"-","YP_004889291.1",1092,"-","cell surface protein, CscB family","Cell envelope","Cell surface proteins: other","@N-terminally anchored (No CS)"
"228","lp_2544",2.69122584051548,"chr","NC_004567.2",2269592,2270947,"+",1062743,"npr2","YP_004890217.1",451,"-","NADH peroxidase","Cellular processes","Detoxification","@Intracellular"
"263","lp_2813",2.70269930714147,"chr","NC_004567.2",2510374,2510877,"+",1063168,"-","YP_004890428.1",167,"-","hypothetical protein lp_2813","Hypothetical proteins","Conserved: other","@Intracellular"
"18","lp_0113",2.73475797144869,"chr","NC_004567.2",99433,100224,"+",1061358,"thiM","YP_004888181.1",263,"-","hydroxyethylthiazole kinase","Biosynthesis of cofactors, prosthetic groups, and carriers","Thiamine","@Intracellular"
"288","lp_3124",2.75980865003985,"chr","NC_004567.2",2789942,2790850,"-",1063811,"-","YP_004890679.1",302,"-","LysR family transcriptional regulator","Regulatory functions","LysR-family regulators","@Intracellular"
"181","lp_1763",2.85121221933546,"chr","NC_004567.2",1598757,1599989,"+",1062126,"-","YP_004889567.1",410,"-","glycosyltransferase","Cell envelope","Surface polysaccharides, lipopolysaccharides and antigens","@Intracellular"
"159","lp_1671",2.87198114499425,"chr","NC_004567.2",1523250,1524236,"+",1064006,"fabH2","YP_004889488.1",328,"-","3-oxoacyl-ACP synthase","Fatty acid and phospholipid metabolism","Fatty acid biosynthesis","@Intracellular"
"7","lp_0096",2.92348714802668,"chr","NC_004567.2",87460,88209,"+",1061377,"-","YP_004888167.1",249,"-","hypothetical protein lp_0096","Hypothetical proteins","Not conserved: other","@Intracellular"
"54","lp_0289",2.92516831679943,"chr","NC_004567.2",261457,261711,"+",1061155,"-","YP_004888328.1",84,"-","hypothetical protein lp_0289","Hypothetical proteins","Not conserved: other","@Intracellular"
"313","lp_3316",2.93435997877674,"chr","NC_004567.2",2952399,2952710,"-",1064020,"-","YP_004890829.1",103,"-","hypothetical protein lp_3316","Hypothetical proteins","Conserved: other","@Intracellular"
"353","lp_3657",2.95403647875286,"chr","NC_004567.2",3277908,3278711,"-",1061599,"srlD2","YP_004891125.1",267,"-","sorbitol-6-phosphate 2-dehydrogenase","Energy metabolism","Sugars","@Intracellular"
"350","lp_3571",2.98390847829259,"chr","NC_004567.2",3189353,3190039,"+",1062015,"nanE","YP_004891047.1",228,"-","N-acetylmannosamine-6-phosphate 2-epimerase","Central intermediary metabolism","Amino sugars","@Intracellular"
"260","lp_2787",2.98696509274153,"chr","NC_004567.2",2476276,2477109,"-",1063132,"-","YP_004890407.1",277,"-","hydrolase, HAD superfamily, Cof family","Hypothetical proteins","Conserved: putative function","@Intracellular"
"325","lp_3436",3.03781834085284,"chr","NC_004567.2",3049060,3049812,"-",1063598,"glpF5","YP_004890929.1",250,"-","glycerol uptake facilitator protein","Transport and binding proteins","Carbohydrates, organic alcohols and acids","@Multi-transmembrane"
"25","lp_0155",3.10801580225129,"chr","NC_004567.2",133259,134044,"+",1061315,"-","YP_004888214.1",261,"-","hypothetical protein lp_0155","Hypothetical proteins","Not conserved: other","@Multi-transmembrane"
"160","lp_1672",3.11495458991524,"chr","NC_004567.2",1524293,1524541,"+",1061849,"acpA2","YP_004889489.1",82,"-","acyl carrier protein","Fatty acid and phospholipid metabolism","Fatty acid biosynthesis","@Intracellular"
"161","lp_1673",3.13366448463352,"chr","NC_004567.2",1524545,1525477,"+",1062127,"fabD","YP_004889490.1",310,"-","[acyl-carrier protein] S-malonyltransferase [Lactobacillus plantarum WCFS1]","Fatty acid and phospholipid metabolism","Fatty acid biosynthesis","@Intracellular"
"3","lp_0058",3.15664461616543,"chr","NC_004567.2",58107,58532,"-",1061223,"-","YP_004888139.1",141,"-","flavoprotein","Hypothetical proteins","Conserved: other","@Intracellular"
"340","lp_3487",3.17160376033214,"chr","NC_004567.2",3099296,3100330,"-",1063340,"galM3","YP_004890969.1",344,"-","aldose 1-epimerase","Energy metabolism","Sugars","@Intracellular"
"162","lp_1674",3.21139054392039,"chr","NC_004567.2",1525464,1526192,"+",1061758,"fabG1","YP_004889491.1",242,"-","3-oxoacyl-ACP reductase","Fatty acid and phospholipid metabolism","Fatty acid biosynthesis","@Intracellular"
"285","lp_3078",3.2130910692091,"chr","NC_004567.2",2740016,2740669,"-",1063630,"-","YP_004890638.1",217,"-","(pyro)phosphohydrolase, HAD superfamily","Hypothetical proteins","Conserved: putative function","@Intracellular"
"167","lp_1679",3.23575145129542,"chr","NC_004567.2",1529683,1530528,"+",1062006,"accD2","YP_004889496.1",281,"-","acetyl-CoA carboxylase, carboxyl transferase subunit beta","Fatty acid and phospholipid metabolism","Fatty acid biosynthesis","@Intracellular"
"163","lp_1675",3.24050462694823,"chr","NC_004567.2",1526211,1527443,"+",1062128,"fabF","YP_004889492.1",410,"-","3-oxoacyl-ACP synthase","Fatty acid and phospholipid metabolism","Fatty acid biosynthesis","@Intracellular"
"333","lp_3476",3.24106985354624,"chr","NC_004567.2",3084249,3085235,"+",1063419,"ramR","YP_004890958.1",328,"-","AraC family transcriptional regulator","Regulatory functions","AraC-family regulators","@Intracellular"
"170","lp_1682",3.25315351955497,"chr","NC_004567.2",1532070,1532621,"+",1062108,"-","YP_004889499.1",183,"-","phosphopantetheinyltransferase","Fatty acid and phospholipid metabolism","Fatty acid biosynthesis","@Intracellular"
"308","lp_3272",3.25366110414181,"chr","NC_004567.2",2912855,2913640,"+",1062561,"ptp2","YP_004890797.1",261,"-","protein-tyrosine phosphatase","Protein fate","Protein modification and repair","@Intracellular"
"277","lp_3011",3.27780407496485,"chr","NC_004567.2",2678548,2679930,"-",1063502,"pbg6","YP_004890582.1",460,"-","6-phospho-beta-glucosidase","Energy metabolism","Sugars","@Intracellular"
"164","lp_1676",3.28069873286344,"chr","NC_004567.2",1527440,1527901,"+",1061917,"accB2","YP_004889493.1",153,"-","acetyl-CoA carboxylase, biotin carboxyl carrier protein","Fatty acid and phospholipid metabolism","Fatty acid biosynthesis","@Intracellular"
"245","lp_2704",3.29428161240081,"chr","NC_004567.2",2407291,2407833,"-",1062970,"pyrR1","YP_004890339.1",180,"-","pyrimidine operon regulator","Regulatory functions","Other","@Intracellular"
"166","lp_1678",3.313259128191,"chr","NC_004567.2",1528329,1529717,"+",1061749,"accC2","YP_004889495.1",462,"-","acetyl-CoA carboxylase, biotin carboxylase subunit","Fatty acid and phospholipid metabolism","Fatty acid biosynthesis","@Intracellular"
"168","lp_1680",3.31516047165634,"chr","NC_004567.2",1530521,1531291,"+",1061743,"accA2","YP_004889497.1",256,"-","acetyl-CoA carboxylase, carboxyl transferase subunit alpha","Fatty acid and phospholipid metabolism","Fatty acid biosynthesis","@Intracellular"
"169","lp_1681",3.33480601035423,"chr","NC_004567.2",1531312,1532070,"+",1062043,"fabI","YP_004889498.1",252,"-","enoyl","Fatty acid and phospholipid metabolism","Fatty acid biosynthesis","@Intracellular"
"165","lp_1677",3.34276983749735,"chr","NC_004567.2",1527901,1528314,"+",1061750,"fabZ2","YP_004889494.1",137,"-","(3R)-hydroxymyristoyl-ACP dehydratase","Fatty acid and phospholipid metabolism","Fatty acid biosynthesis","@Intracellular"
"305","lp_3250",3.37086023311805,"chr","NC_004567.2",2894836,2895063,"-",1061798,"-","YP_004890780.1",75,"-","hypothetical protein lp_3250","Hypothetical proteins","Conserved: other","@Multi-transmembrane"
"352","lp_3656",3.41892060092222,"chr","NC_004567.2",3276009,3277874,"-",1061617,"srlR2","YP_004891124.1",621,"-","sorbitol operon transcription antiterminator,BglG family","Regulatory functions","Other","@Intracellular"
"258","lp_2781",3.44318894304081,"chr","NC_004567.2",2472575,2472892,"-",1063106,"pts20B","YP_004890402.1",105,"-","PTS system, cellobiose-specific EIIB component","Transport and binding proteins","PTS systems","@Secretory(released) (with CS)"
"314","lp_3318",3.45949484135875,"chr","NC_004567.2",2953771,2954691,"+",1064022,"-","YP_004890830.1",306,"-","aldo/keto reductase family protein","Hypothetical proteins","Conserved: putative function","@Intracellular"
"323","lp_3418",3.5242291226367,"chr","NC_004567.2",3033341,3035002,"+",1063745,"pck","YP_004890913.1",553,"-","phosphoenolpyruvate carboxykinase","Energy metabolism","TCA cycle","@Intracellular"
"26","lp_0156",3.60605293196044,"chr","NC_004567.2",134069,134881,"+",1061314,"-","YP_004888215.1",270,"-","hypothetical protein lp_0156","Hypothetical proteins","Not conserved: other","@Multi-transmembrane"
"337","lp_3484",3.64721661516353,"chr","NC_004567.2",3093638,3094597,"+",1063396,"lacM","YP_004890966.1",319,"-","beta-galactosidase, small subunit","Energy metabolism","Sugars","@Intracellular"
"53","lp_0286",3.70166359624073,"chr","NC_004567.2",259439,260764,"+",1061159,"pts6C","YP_004888326.1",441,"-","PTS system, cellobiose-specific EIIC component","Transport and binding proteins","PTS systems","@Multi-transmembrane"
"312","lp_3314",3.71361446088774,"chr","NC_004567.2",2951353,2952174,"+",1063963,"pflA","YP_004890828.1",273,"-","formate C-acetyltransferase activating enzyme","Energy metabolism","Fermentation","@Intracellular"
"311","lp_3313",3.72272504194008,"chr","NC_004567.2",2949058,2951316,"+",1064019,"pflB","YP_004890827.1",752,"-","formate C-acetyltransferase","Energy metabolism","Fermentation","@Intracellular"
"257","lp_2780",3.74231844581355,"chr","NC_004567.2",2472127,2472474,"-",1063108,"pts20A","YP_004890401.1",115,"-","PTS system, cellobiose-specific EIIA component","Transport and binding proteins","PTS systems","@Intracellular"
"154","lp_1566",3.74290213599444,"chr","NC_004567.2",1431285,1431587,"+",1064178,"-","YP_004889398.1",100,"-","hypothetical protein lp_1566","Hypothetical proteins","Conserved: other","@N-terminally anchored (No CS)"
"275","lp_3009",3.96847763115298,"chr","NC_004567.2",2676726,2677052,"-",1063515,"pts23B","YP_004890580.1",108,"-","PTS system, cellobiose-specific EIIB component","Transport and binding proteins","PTS systems","@N-terminally anchored (with CS)"
"253","lp_2757",4.06923514101878,"chr","NC_004567.2",2449505,2451229,"-",1063082,"-","YP_004890381.1",574,"-","maltogenic alpha-amylase","Central intermediary metabolism","Biosynthesis and degradation of polysaccharides","@Intracellular"
"336","lp_3483",4.15298669249461,"chr","NC_004567.2",3091774,3093654,"+",1063381,"lacL","YP_004890965.1",626,"-","beta-galactosidase, large subunit","Energy metabolism","Sugars","@Intracellular"
"48","lp_0242",4.22920881138148,"chr","NC_004567.2",217779,218243,"-",1061385,"ndk","YP_004888286.1",154,"-","nucleoside-diphosphate kinase","Purines, pyrimidines, nucleosides and nucleotides","Pyrimidine ribonucleotide biosynthesis","@Intracellular"
"220","lp_2371",4.25387045637352,"chr","NC_004567.2",2140998,2142278,"-",1062423,"pyrP","YP_004890073.1",426,"-","uracil transport protein","Transport and binding proteins","Nucleosides, purines and pyrimidines","@Multi-transmembrane"
"103","lp_0849",4.29611824106624,"chr","NC_004567.2",787618,789357,"+",1061989,"pox1","YP_004888816.1",579,"-","pyruvate oxidase","Energy metabolism","Aerobic","@Intracellular"
"349","lp_3548",4.33116907182468,"chr","NC_004567.2",3167357,3167827,"-",1061942,"pts35A","YP_004891026.1",156,"-","PTS system, galactitol-specific EIIA component","Transport and binding proteins","PTS systems","@Intracellular"
"56","lp_0310",4.43084092359433,"chr","NC_004567.2",286486,287682,"+",1061294,"ack2","YP_004888348.1",398,"-","acetate kinase","Energy metabolism","Fermentation","@Intracellular"
"47","lp_0240",4.45595476915335,"chr","NC_004567.2",217136,217537,"-",1061386,"-","YP_004888285.1",133,"-","hypothetical protein lp_0240","Hypothetical proteins","Not conserved: other","@Intracellular"
"239","lp_2697",4.68224288925858,"chr","NC_004567.2",2398343,2398981,"-",1062963,"pyrE","YP_004890332.1",212,"-","orotate phosphoribosyltransferase","Purines, pyrimidines, nucleosides and nucleotides","Pyrimidine ribonucleotide biosynthesis","@Intracellular"
"5","lp_0063",4.70364926907391,"chr","NC_004567.2",62200,63735,"+",1061282,"-","YP_004888144.1",511,"-","hypothetical protein lp_0063","Hypothetical proteins","Conserved: other","@Intracellular"
"346","lp_3545",4.92179297634717,"chr","NC_004567.2",3164581,3165639,"-",1061927,"-","YP_004891023.1",352,"-","D-arabitol-phosphate dehydrogenase","Energy metabolism","Sugars","@Intracellular"
"240","lp_2698",4.98698262884478,"chr","NC_004567.2",2398983,2399696,"-",1062962,"pyrF","YP_004890333.1",237,"-","orotidine-5\'-phosphate decarboxylase","Purines, pyrimidines, nucleosides and nucleotides","Pyrimidine ribonucleotide biosynthesis","@Intracellular"
"276","lp_3010",5.11195096654318,"chr","NC_004567.2",2677076,2678548,"-",1063503,"pts23C","YP_004890581.1",490,"-","PTS system, cellobiose-specific EIIC component","Transport and binding proteins","PTS systems","@Multi-transmembrane"
"241","lp_2699",5.32818678517486,"chr","NC_004567.2",2399693,2400610,"-",1062981,"pyrD","YP_004890334.1",305,"-","dihydroorotate oxidase","Purines, pyrimidines, nucleosides and nucleotides","Pyrimidine ribonucleotide biosynthesis","@Intracellular"
"66","lp_0371",5.66862014446512,"chr","NC_004567.2",340417,342246,"+",1061131,"glpD","YP_004888402.1",609,"-","glycerol-3-phosphate dehydrogenase,FAD-dependent","Fatty acid and phospholipid metabolism","Glycerolipid metabolism","@Intracellular"
"67","lp_0372",5.74979646970509,"chr","NC_004567.2",342261,342983,"+",1064207,"glpF3","YP_004888403.1",240,"-","glycerol uptake facilitator protein","Transport and binding proteins","Carbohydrates, organic alcohols and acids","@Multi-transmembrane"
"214","lp_2154",5.89102433592999,"chr","NC_004567.2",1946957,1948069,"-",1063699,"pdhA","YP_004889896.1",370,"-","pyruvate dehydrogenase complex, E1 component,alpha subunit","Energy metabolism","Glycolysis","@Intracellular"
"213","lp_2153",5.91452236235344,"chr","NC_004567.2",1945978,1946955,"-",1063701,"pdhB","YP_004889895.1",325,"-","pyruvate dehydrogenase complex, E1 component,beta subunit","Energy metabolism","Glycolysis","@Intracellular"
"211","lp_2151",5.97279117623443,"chr","NC_004567.2",1943205,1944617,"-",1062177,"pdhD","YP_004889893.1",470,"-","pyruvate dehydrogenase complex, E3 component; dihydrolipoamide dehydrogenase","Energy metabolism","Glycolysis","@Intracellular"
"212","lp_2152",6.03274048815654,"chr","NC_004567.2",1944625,1945920,"-",1063704,"pdhC","YP_004889894.1",431,"-","pyruvate dehydrogenase complex, E2 component; dihydrolipoamide S-acetyltransferase","Energy metabolism","Glycolysis","@Intracellular"
"347","lp_3546",6.05343650269439,"chr","NC_004567.2",3165720,3166991,"-",1061926,"pts35C","YP_004891024.1",423,"-","PTS system, galactitol-specific EIIC component","Transport and binding proteins","PTS systems","@Multi-transmembrane"
"242","lp_2701",6.88435358934201,"chr","NC_004567.2",2403822,2404916,"-",1062973,"pyrAA","YP_004890336.1",364,"-","carbamoyl-phosphate synthase,pyrimidine-specific, small chain","Purines, pyrimidines, nucleosides and nucleotides","Pyrimidine ribonucleotide biosynthesis","@Intracellular"
"243","lp_2702",7.07836858058024,"chr","NC_004567.2",2404913,2406205,"-",1062984,"pyrC","YP_004890337.1",430,"-","dihydroorotase","Purines, pyrimidines, nucleosides and nucleotides","Pyrimidine ribonucleotide biosynthesis","@Intracellular"
"348","lp_3547",7.17123470637482,"chr","NC_004567.2",3167026,3167322,"-",1061947,"pts35B","YP_004891025.1",98,"-","PTS system, galactitol-specific EIIB component","Transport and binding proteins","PTS systems","@N-terminally anchored (No CS)"
"244","lp_2703",7.78782721538083,"chr","NC_004567.2",2406209,2407144,"-",1062971,"pyrB","YP_004890338.1",311,"-","aspartate carbamoyltransferase","Purines, pyrimidines, nucleosides and nucleotides","Pyrimidine ribonucleotide biosynthesis","@Intracellular"
"354","lp_3658",8.1347085466646,"chr","NC_004567.2",3279016,3279900,"-",1061612,"rbsU","YP_004891126.1",294,"-","ribose transport protein","Transport and binding proteins","Carbohydrates, organic alcohols and acids","@Multi-transmembrane"
"355","lp_3659",8.14183608563795,"chr","NC_004567.2",3279930,3280325,"-",1061601,"rbsD","YP_004891127.1",131,"-","D-ribose mutarotase","Energy metabolism","Sugars","@Intracellular"
"356","lp_3660",8.39917512801836,"chr","NC_004567.2",3280328,3281248,"-",1061610,"rbsK1","YP_004891128.1",306,"-","ribokinase","Energy metabolism","Sugars","@Intracellular"
